id;name;image;image_content_type;active
1;Representative;../fake-data/blob/hipster.png;image/png;false
2;uniform PCI back up;../fake-data/blob/hipster.png;image/png;true
3;hardware Venezuela Wisconsin;../fake-data/blob/hipster.png;image/png;true
4;Incredible functionalities fuchsia;../fake-data/blob/hipster.png;image/png;false
5;Bedfordshire;../fake-data/blob/hipster.png;image/png;false
6;matrix calculating;../fake-data/blob/hipster.png;image/png;true
7;Ergonomic Concrete Soap Zambian Kwacha;../fake-data/blob/hipster.png;image/png;false
8;Open-architected;../fake-data/blob/hipster.png;image/png;false
9;portal calculating Metal;../fake-data/blob/hipster.png;image/png;true
10;France protocol;../fake-data/blob/hipster.png;image/png;false
