id;source_id;name;description;url;category;language;country;active
1;Persevering analyzing;Engineer Architect;Beauty dynamic schemas;https://marlee.biz;Frozen;parsing;United States Minor Outlying Islands;false
2;New Mexico District Unbranded;EXE Rustic Steel Shirt drive;Ways Liaison engage;https://geoffrey.info;transmitting Tennessee Practical Steel Shirt;24/7;Austria;false
3;New Taiwan Dollar Zimbabwe parse;Monaco input Accounts;enhance Multi-channelled purple;http://velma.biz;white SMTP;Checking Account global Steel;Oman;false
4;Springs connecting;SAS;Planner Refined;https://gudrun.name;Burg;transmit Credit Card Account;Philippines;true
5;Corporate;Industrial seamless;withdrawal Jamaica;http://stuart.net;Luxembourg Spurs;empower Home Loan Account SMS;United States Minor Outlying Islands;true
6;Via;Buckinghamshire Business-focused Canyon;Investment Account frictionless orchid;https://dayana.info;Brunei Darussalam;Rubber Shirt;Burkina Faso;true
7;Mouse Rupiah;Human Mission;Officer Savings Account Automated;https://cathy.info;e-business;Awesome;Brazil;true
8;sticky Regional;Bedfordshire;alliance Licensed Plaza;https://arnaldo.name;Sausages streamline Home;primary quantify Chips;Cote d'Ivoire;true
9;Central Polarised;back-end Roads bypass;Concrete;http://mia.net;connecting generate Music;Inlet Hungary Configurable;Estonia;true
10;Chair Kentucky;blue internet solution Concrete;distributed Ranch impactful;https://jessica.info;Nebraska;Nevada quantify architectures;Brunei Darussalam;false
